maturity,carry,rolldown,dv01,carry_per_dv01,carry_plus_roll_per_dv01
2,0.008590257147919066,-0.0004235920963338443,0.018831476138452253,0.45616483194211743,0.43367099804298376
5,0.009246202597098045,0.0008321537469904267,0.04435970040823866,0.20843699375798316,0.227196222051506
10,0.010352014453008974,0.0015851309966178246,0.07918046556924045,0.13073949968072002,0.15075871761815038
30,0.011880963364237494,0.00022937863482191864,0.15289294345758872,0.0777077286600423,0.07920798517701848
